{  "name": "as",
  "height": 641.0,
  "waist": 105.00476179678711,
  "shoulders": 172.14238292762187,
  "neck": 74.33034373659252,
  "chest": 191.44189719076647,
  "thigh": 293.0682514364188,
  "torso": 229.1571513176056