{  "name": "Shadar asd the Instinctive",
  "height": 631.0507111159926,
  "neck": 40.0,
  "shoulders": 131.0,
  "chest": 119.0,
  "torso": 116.0,
  "waist": 115.0,
  "thigh": 59.30430001273095,
  "coreDepth": 119.06720791217035,
  "chestDepth": 126.19429464123962,
  "bicep": 28.231188426986208,
  "forearm": 22.090722034374522,
  "gluteDepth": 129.31357237351384,
  "thighDepth": 59.135437767890075,
  "calf": 26.019223662515376,
  "neckNape": 249,
  "shoulderBlades": 249,
  "backSmall": 249,
  "tailbone": 249}