{  "name": "asd",
,
  "height": 332.938432746957,
  "waist": 317.2774810792597,
  "shoulders": 359.40089037174073,
  "neck": 448.3770734549214,
  "chest": 284.50834785643815,
  "thigh": 283.2331195323033,
  "torso": 224.51057881534223,
,
  "shoulderDepth": 330.7234494256493,
  "coreDepth": 302.0595967685847,
  "bicep": 306.4930668057599,
  "forearm": 332.02409551115414,
  "calf": 305.41283535568704,
  "thighDepth": 289.0,
  "gluteDepth": 335.6262802582658,
  "chest": 286.2044723619811}