{  "name": "Flayed asd the stupendous",
  "height": 321.4420632089086,
  "waist": 333.5940646954019,
  "shoulders": 296.1418578992169,
  "neck": 337.37960815674677,
  "chest": 332.10389940499044,
  "thigh": 359.8027237250991,
  "torso": 351.51813608973293,
  "coreDepth": 342.2659784436659,
  "bicep": 330.77031305726337,
  "forearm": 306.8973769845549,
  "calf": 333.28216273902206,
  "thighDepth": 304.35669862843497,
  "gluteDepth": 324.2606975876047,
  "chestDepth": 336.44018784919257,
  "neckNape": 222,
  "shoulderBlades": 222,
  "backSmall": 222,
  "tailbone": 222}