{  "name": "Horned asd the Ancient one",
  "height": 415.80043290020757,
  "neck": 344.32833168358366,
  "shoulders": 378.22876675366723,
  "chest": 410.27429848821873,
  "torso": 382.4264635194589,
  "waist": 432.6661530556787,
  "thigh": 246.89471440271862,
  "chestDepth": 264.43335644354704,
  "coreDepth": 206.16983290481662,
  "bicep": 258.0736329034797,
  "forearm": 260.4169733331528,
  "gluteDepth": 195.68597292601225,
  "thighDepth": 325.96012026013244,
  "calf": 311.19125951735856,
  "neckNape": 333,
  "shoulderBlades": 373,
  "backSmall": 363,
  "tailbone": 381}