{  "name": "Chromatic asdf the Ancient one",
  "height": 399.15535822534065,
  "waist": 516.8413683133346,
  "shoulders": 496.99195164509456,
  "neck": 315.52495939307244,
  "chest": 374.0655022853618,
  "thigh": 348.6387815490411,
  "torso": 295.4132698441287