{  "name": "Shadar Ben the Assured",
  "height": 595.2722066416338,
  "neck": 249.8739682319869,
  "shoulders": 85.14693182963201,
  "chest": 228.3527972239447,
  "torso": 181.89282558693733,
  "waist": 188.08774548066654,
  "thigh": 239.370006475331,
  "chestDepth": 221.46105752479374,
  "coreDepth": 226.55683613610074,
  "bicep": 278.54802099458544,
  "forearm": 278.9928314491252,
  "gluteDepth": 260.5551764981844,
  "thighDepth": 200.63897926375125,
  "calf": 89.20201791439474,
  "neckNape": 386,
  "shoulderBlades": 386,
  "backSmall": 290,
  "tailbone": 381}