{  "name": "Ben",
  "height": 641.0124803777225,
  "waist": 123.10158406779338,
  "shoulders": 170.00294115102832,
  "neck": 46.09772228646444,
  "chest": 132.13629327327143,
  "thigh": 69.2314957226839,
  "torso": 142.0563268566381,
,
  "coreDepth": 87.28115489611719,
  "bicep": 46.04345773288535,
  "forearm": 42.5440947723653,
  "calf": 50.039984012787215,
  "thighDepth": 77.41446893184762,
  "gluteDepth": 116.91449867317569,
  "chest": 103.36827366266692,
  "neckNape": 103.36827366266692