{  "name": "Divine Ben the Expendient",
  "height": 673.2503249163716,
  "waist": 587.766109945104,
  "shoulders": 453.1103618325231,
  "neck": 386.0207248322297,
  "chest": 436.0103209787585,
  "thigh": 285.1701246624548,
  "torso": 485.8991664944487