{  "name": "Ben",
  "height": 637.0282568301033,
  "waist": 115.10864433221339,
  "shoulders": 159.0,
  "neck": 41.0,
  "chest": 121.0,
  "thigh": 57.55866572463264,
  "torso": 109.00458705944443,
  "coreDepth": 98.04590761474952,
  "bicep": 45.0,
  "forearm": 36.013886210738214,
  "calf": 50.15974481593781,
  "thighDepth": 81.00617260431454,
  "gluteDepth": 109.07336980216573,
  "chest": 105.00476179678711  "neckNape": 326  "shoulderBlades": 355  "backSmall": 348  "tailbone": 362}