{  "name": "Ben",
  "height": 620.1580443725616,
  "waist": 117.00427342623003,
  "shoulders": 161.0,
  "neck": 41.012193308819754,
  "chest": 127.0,
  "thigh": 62.00806399170998,
  "torso": 113.00442469213318,
  "coreDepth": 91.19758768739445,
  "bicep": 51.35172830587107,
  "forearm": 32.984845004941285,
  "calf": 48.16637831516918,
  "thighDepth": 72.69112738154499,
  "gluteDepth": 115.41230437002807,
  "chestDepth": 102.17631819555841,
  "neckNape": 326,
  "shoulderBlades": 353,
  "backSmall": 352,
  "tailbone": 358
}
