{  "name": "Arcane Ben the Unworthy",
  "height": 611.0662811839645,
  "neck": 44.04543109109048,
  "shoulders": 142.01408380861386,
  "chest": 111.0,
  "torso": 131.0953851209111,
  "waist": 119.06720791217035,
  "thigh": 57.723478758647246,
  "chestDepth": 101.41498903022176,
  "coreDepth": 108.55873986004075,
  "bicep": 106.07544484940895,
  "forearm": 35.11409973215888,
  "gluteDepth": 107.22872749408155,
  "thighDepth": 78.00640999302557,
  "calf": 32.984845004941285,
  "neckNape": 339,
  "shoulderBlades": 366,
  "backSmall": 358,
  "tailbone": 364}