{"full height": 683.0029282514095,
"waist": 116.00431026474836,
"shoulders": 153.0130713370593,
"upper arm": 39.6232255123179,
"neck": 42.01190307520001,
"chest": 120.0,
"calf": 36.0,
"forearm": 21.213203435596427,
"thigh": 65.30696746902278}