{  "name": "Abhorrent Ben the triumphant",
  "height": 559.933031710043,
  "waist": 509.87253309037936,
  "shoulders": 565.1097238590042,
  "neck": 398.4018072248167,
  "chest": 437.7853355241585,
  "thigh": 582.2250424019908,
  "torso": 534.2826967065282,
  "coreDepth": 96.00520819205592,
  "bicep": 150.86749152816188,
  "forearm": 179.60233851484227,
  "calf": 136.4734406395618,
  "thighDepth": 145.60906565183365,
  "gluteDepth": 177.85949510779568,
  "chestDepth": 196.02295783912658,
  "neckNape": 214,
  "shoulderBlades": 214,
  "backSmall": 214,
  "tailbone": 214}