{  "name": "Ancientben the Forbidden",
  "height": 638.0,
  "neck": 52.03844732503075,
  "shoulders": 139.00359707575916,
  "chest": 137.05838172107534,
  "torso": 124.03628501370073,
  "waist": 119.00420160649792,
  "thigh": 65.12296062065974,
  "chestDepth": 110.0,
  "coreDepth": 93.02150289046077,
  "bicep": 42.0,
  "forearm": 34.0,
  "gluteDepth": 105.68348972285122,
  "thighDepth": 66.03029607687671,
  "calf": 48.0,
  "neckNape": 328,
  "shoulderBlades": 328,
  "backSmall": 328,
  "tailbone": 328}