{
  "name": "ben",
  "height": 640.0382801051825,
  "waist": 111.11255554616679,
  "shoulders": 159.00314462299164,
  "bicep": 31.144823004794873,
  "neck": 42.04759208325728,
  "chest": 119.0,
  "calf": 36.49657518178932,
  "forearm": 28.231188426986208,
  "thigh": 59.841457201508724,
  "abdomen": 159,

  "ShoulderDepth": 35,
  "CoreDepth": 44,
  "HipDepth": 44,
  "GluteDepth": 44,
  "ThighDepth": 33
}
