{  "name": "Carson",
  "height": 585.4135290544625,
  "waist": 106.0,
  "shoulders": 134.01492454200763,
  "neck": 44.0,
  "chest": 105.01904589168576,
  "thigh": 60.0,
  "torso": 110.07270324653611,
  "coreDepth": 82.09750300709517,
  "bicep": 45.0,
  "forearm": 42.15447781671598,
  "calf": 47.095647357266465,
  "thighDepth": 66.37017402418047,
  "gluteDepth": 90.08884503644167,
  "chestDepth": 104.00480758118829,
  "neckNape": 355,
  "shoulderBlades": 374,
  "backSmall": 364,
  "tailbone": 373}