{
  "name": "carson",

  "height": 609.1182151274086,
  "waist": 106.07544484940895,
  "shoulders": 150.0,
  "neck": 44.0,
  "chest": 111.01801655587259,
  "thigh": 57.87054518492115,
  "torso": 134.00373129133382,

  "chestDepth": 107.11675872616759,
  "coreDepth": 84.00595217006948,
  "bicep": 50.24937810560445,
  "forearm": 38.28837943815329,
  "calf": 52.009614495783374,
  "thighDepth": 72.02777242147643,
  "gluteDepth": 96.18731725128839,
  "chest": 105.17128885774862}
