{  "name": "dfg",
  "height": 319.97656164163027,
  "waist": 419.00477324250136,
  "shoulders": 310.4383996866367,
  "neck": 383.29362113137233,
  "chest": 280.0142853498728,
  "thigh": 286.5135249861689,
  "torso": 286.4349838968697