{  "name": "dsf",
  "height": 703.1201888724288,
  "waist": 282.398654387729,
  "shoulders": 385.4153603581466,
  "neck": 429.6754589221963,
  "chest": 451.37345956535813,
  "thigh": 466.66904761297377,
  "torso": 407.686153799709