{  "name": "dsf",
  "height": 316.80909077865806,
  "waist": 308.6907837950463,
  "shoulders": 267.0748958625651,
  "neck": 281.0871750898643,
  "chest": 311.64242329952447,
  "thigh": 312.61797773000836,
  "torso": 257.00778198334774,
,
  "coreDepth": 268.04663773306316,
  "bicep": 308.00162337234525,
  "forearm": 250.0,
  "calf": 261.0,
  "thighDepth": 316.00158227451965,
  "gluteDepth": 253.12645061312736,
  "chest": 121.41251994749142,
  "neckNape": 258.0949437706985,
  "shoulderBlades": 220,
  "backSmall": 361,
  "tailbone": 379}