{
  "name": "Ewan",
  "height": 653.1293899373998,
  "waist": 125.01599897613104,
  "shoulders": 165.04847772699995,
  "neck": 46.17358552246078,
  "chest": 132.00378782444085,
  "thigh": 62.80127387243033,
  "bicep": 49.49747468305833,
  "forearm": 46.51881339845203,
  "calf": 50.00999900019995,
  "abdomen": 165.04254837669055,

  "ShoulderDepth": 35,
  "CoreDepth": 44,
  "HipDepth": 44,
  "GluteDepth": 44,
  "ThighDepth": 33
}
