{  "name": "gf"  "full height": 309.594896598765,
  "waist width": 82.38931969618392,
  "shoulder with": 57.28001396647874,
  "neck width": 177.1016657177453,
  "chest width": 104.30723848324239,
  "thigh width": 121.1486689980538,
  "torso width": 94.75230867899737,
,
  "shoulderWidth": 199.52944644838766,
  "core width": 356.4070706369333,
  "bicep width": 321.55248405198176,
  "forearm width": 417.9246343540902,
  "calf width": 259.50915205441214,
  "thigh width": 405.8435659216492,
  "glute width": 403.685521167158,
  "chest width": 423.56227405188014}