{  "name": "GOD",
  "height": 569.4137335892067,
  "waist": 782.8595020819508,
  "shoulders": 510.0,
  "neck": 570.2490683902955,
  "chest": 593.3312734046639,
  "thigh": 525.552090662762,
  "torso": 599.6107070424944,
,
  "coreDepth": 274.2735860413831,
  "bicep": 141.90489773083945,
  "forearm": 284.2903445423358,
  "calf": 277.8920653779089,
  "thighDepth": 413.58070554608804,
  "gluteDepth": 401.69889220658797,
  "chest": 326.88836014761984,
  "neckNape": 185,
  "shoulderBlades": 328,
  "backSmall": 396,
  "tailbone": 391}