{  "name": "godTHRIASDA",
  "height": 406.3557554655772,
  "waist": 453.8777368411013,
  "shoulders": 338.2454729926182,
  "neck": 406.13298314714604,
  "chest": 389.7717280665698,
  "thigh": 294.1054232753963,
  "torso": 348.12641382118653,
,
  "coreDepth": 209.2295390235327,
  "bicep": 265.0962089506374,
  "forearm": 284.70686679460334,
  "calf": 280.40149785619906,
  "thighDepth": 277.0433179125604,
  "gluteDepth": 321.7965195585558,
  "chest": 325.6270873253636  "neckNape": 221,
  "shoulderBlades": 220,
  "backSmall": 344,
  "tailbone": 353}