{  "name": "GODthesecond",
  "height": 399.0588928967753,
  "waist": 535.2476062534049,
  "shoulders": 335.828825445345,
  "neck": 404.40079129497263,
  "chest": 554.1299486582548,
  "thigh": 446.93176212929865,
  "torso": 424.88704381282326,
,
  "coreDepth": 325.0876804802052,
  "bicep": 506.06323715519983,
  "forearm": 537.7620291541604,
  "calf": 444.010135019461,
  "thighDepth": 342.24260401066374,
  "gluteDepth": 360.4233621728758,
  "chest": 319.0814942926023,
  "neckNape": 204,
  "shoulderBlades": 224,
  "backSmall": 298,
  "tailbone": 355}