{  "name": "Goodboi",
  "height": 619.1817180763657,
  "waist": 133.18408313308313,
  "shoulders": 285.02806879323305,
  "neck": 77.10382610480494,
  "chest": 402.0572098594925,
  "thigh": 163.8078142214223,
  "torso": 170.49633427144408,
  "coreDepth": 143.13629868066312,
  "bicep": 47.01063709417264,
  "forearm": 172.8120366178236,
  "calf": 238.01890681204299,
  "thighDepth": 29.154759474226502,
  "gluteDepth": 102.17631819555841,
  "chestDepth": 152.08221460775746,
  "neckNape": 329,
  "shoulderBlades": 357,
  "backSmall": 352,
  "tailbone": 355}