{  "name": "Shadar JSONTEST the Stupendous",
  "height": 645.012402981524,
  "neck": 50.00999900019995,
  "shoulders": 152.00328943809077,
  "chest": 133.00375934536586,
  "torso": 127.01574705523721,
  "waist": 117.00427342623003,
  "thigh": 65.30696746902278,
  "coreDepth": 112.01785571952357,
  "chestDepth": 105.00476179678711,
  "bicep": 38.118237105091836,
  "forearm": 37.33630940518894,
  "gluteDepth": 107.37783756436893,
  "thighDepth": 71.02816342831905,
  "calf": 49.09175083453431,
  "neckNape": 325,
  "shoulderBlades": 325,
  "backSmall": 325,
  "tailbone": 325}