{  "name": "Shadar Matthew the stupendous",
  "height": 471.732975315485,
  "waist": 469.2771036392038,
  "shoulders": 465.1300893298562,
  "neck": 389.72041260370236,
  "chest": 357.8295683701949,
  "thigh": 240.68236329236922,
  "torso": 300.77566390916667,
  "coreDepth": 395.38588745679834,
  "bicep": 314.2737660066459,
  "forearm": 368.4087403957729,
  "calf": 350.03571246374275,
  "thighDepth": 408.0159310615212,
  "gluteDepth": 324.56894491001447,
  "chestDepth": 353.52651951444886,
  "neckNape": 209,
  "shoulderBlades": 209,
  "backSmall": 209,
  "tailbone": 209}