{  "name": "Matthew",
  "height": 602.269042870377,
  "waist": 100.04498987955368,
  "shoulders": 138.03260484392808,
  "neck": 45.044422518220834,
  "chest": 111.01801655587259,
  "thigh": 57.584720195551874,
  "torso": 105.04284840006957,
  "coreDepth": 73.17103251970687,
  "bicep": 33.24154027718932,
  "forearm": 24.351591323771842,
  "calf": 49.49747468305833,
  "thighDepth": 50.00999900019995,
  "gluteDepth": 80.09993757800315,
  "chestDepth": 63.0,
  "neckNape": 341,
  "shoulderBlades": 376,
  "backSmall": 354,
  "tailbone": 359}