{  "name": "Shadar Matthew the Stupendous",
  "height": 606.2672677953182,
  "neck": 107.07474025184464,
  "shoulders": 145.08618128546908,
  "chest": 132.09466302617983,
  "torso": 116.0,
  "waist": 126.01587201618692,
  "thigh": 61.40032573203501,
  "coreDepth": 101.07917688624102,
  "chestDepth": 94.02127418834527,
  "bicep": 46.09772228646444,
  "forearm": 35.90264614203248,
  "gluteDepth": 118.00423721205946,
  "thighDepth": 54.037024344425184,
  "calf": 47.01063709417264,
  "neckNape": 318,
  "shoulderBlades": 318,
  "backSmall": 318,
  "tailbone": 318}