{  "name": "ArcaneMatthew the Stupendous",
  "height": 291.74303762043746,
  "neck": 292.056501382866,
  "shoulders": 321.38606068092,
  "chest": 301.62393804205925,
  "torso": 347.2203911062828,
  "waist": 301.14448359549937,
  "thigh": 329.56486463213884,
,
  "chestDepth": 255.76551761330143  "coreDepth": 268.1510768205118,
  "bicep": 258.8223328849348,
  "forearm": 277.0649743291274,
  "gluteDepth": 237.17082451262846,
  "thighDepth": 226.43321311150447,
  "calf": 289.1816038409082,
  "neckNape": 222,
  "shoulderBlades": 222,
  "backSmall": 222,
  "tailbone": 222}