{  "name": "Horned Matthew the Expendient",
  "height": 486.49768755873856,
  "neck": 42.579337712087536,
  "shoulders": 135.0148140020198,
  "chest": 93.0,
  "torso": 93.0,
  "waist": 79.02531240052139,
  "thigh": 45.5411901469428,
  "chestDepth": 94.26027795418386,
  "coreDepth": 145.0551619212498,
  "bicep": 66.007575322837,
  "forearm": 50.039984012787215,
  "gluteDepth": 57.07889277132134,
  "thighDepth": 108.01851693112621,
  "calf": 52.0,
  "neckNape": 297,
  "shoulderBlades": 300,
  "backSmall": 303,
  "tailbone": 315}