{  "name": "Orcus",
  "height": 283.7534140763772,
  "waist": 270.04629232781554,
  "shoulders": 301.7614952242913,
  "neck": 280.8077634254438,
  "chest": 277.79488836189915,
  "thigh": 256.7255343747482,
  "torso": 290.91063920042524,
,
  "coreDepth": 363.7169228947149,
  "bicep": 342.70978976387585,
  "forearm": 313.1772660970141,
  "calf": 262.1316463153581,
  "thighDepth": 268.28715958837836,
  "gluteDepth": 286.7141433553636,
  "chest": 291.547594742265,
  "neckNape": 276.1340254296815