{  "name": "Raiyan",
  "height": 580.007758568797,
  "waist": 111.01801655587259,
  "shoulders": 132.00378782444085,
  "neck": 48.0,
  "chest": 105.00476179678711,
  "thigh": 36.013886210738214,
  "torso": 110.04090148667449