{
  "name": "Ross",
  "height": 615.2934259359513,
  "waist": 113.07077429645558,
  "shoulders": 147.08500943332058,
  "bicep": 22.67156809750927,
  "neck": 35.22782990761707,
  "chest": 126.00396819148197,
  "calf": 31.064449134018133,
  "forearm": 21.633307652783937,
  "thigh": 43.104524124504614,
  "abdomen": 140,

  "ShoulderDepth": 35,
  "CoreDepth": 44,
  "HipDepth": 44,
  "GluteDepth": 44,
  "ThighDepth": 33
}
