{  "name": "Ross",
  "height": 607.1391932662559,
  "waist": 111.01801655587259,
  "shoulders": 161.0496817755316,
  "neck": 42.01190307520001,
  "chest": 139.0323703315167,
  "thigh": 52.0,
  "torso": 143.0314650697531,
  "coreDepth": 84.0,
  "bicep": 31.064449134018133,
  "forearm": 31.38470965295043,
  "calf": 47.0,
  "thighDepth": 58.215118311311535,
  "gluteDepth": 92.34717104492157,
  "chestDepth": 97.0051545022222,
  "neckNape": 354,
  "shoulderBlades": 384,
  "backSmall": 367,
  "tailbone": 367}