{  "name": "Ross",
  "height": 593.9175026887152,
  "waist": 104.01922899156675,
  "shoulders": 131.18688958886096,
  "neck": 37.013511046643494,
  "chest": 130.24592124131948,
  "thigh": 182.72657168567466,
  "torso": 384.67648745406836,
  "coreDepth": 306.0016339825655,
  "bicep": 308.60330523181375,
  "forearm": 344.14531814336806,
  "calf": 310.35785796399614,
  "thighDepth": 324.32237048961025,
  "gluteDepth": 379.95394457749745,
  "chestDepth": 291.29023327259017,
  "neckNape": 335,
  "shoulderBlades": 366,
  "backSmall": 359,
  "tailbone": 358}