{  "name": "Winged Ross the Stupendous",
  "height": 598.0677219178443,
  "neck": 37.05401462729781,
  "shoulders": 132.30646242719968,
  "chest": 113.01769772916099,
  "torso": 101.04454463255303,
  "waist": 103.00485425454472,
  "thigh": 48.041648597857254,
  "chestDepth": 76.0,
  "coreDepth": 70.0,
  "bicep": 24.186773244895647,
  "forearm": 27.018512172212592,
  "gluteDepth": 64.07027391856539,
  "thighDepth": 52.15361924162119,
  "calf": 41.012193308819754,
  "neckNape": 353,
  "shoulderBlades": 365,
  "backSmall": 355,
  "tailbone": 360}