{"height": 188.0,
"waist": 346.70592726401435,
"shoulders": 367.41393550054687,
"neck": 333.2041416309227,
"chest": 343.3598695246723,
"thigh": 382.12694225872116,
"bicep": 303.8173793580611,
"forearm": 358.6446709488376,
"calf": 350.5709628591621,
"abdomen": 375.598189559002}