{"height": 284.17600180170035,
"waist": 326.98929646090863,
"shoulders": 369.4996617048519,
"neck": 342.25136961011566,
"chest": 296.42705679475347,
"thigh": 263.50332066218823,
"bicep": 278.8207309365643,
"forearm": 143.39107364128355,
"calf": 157.15597347857954,
"abdomen": 216.52944372532804}