{  "name": "sacrifice",
  "height": 464.21654429802476,
  "waist": 272.92673009436066,
  "shoulders": 373.35505889166683,
  "neck": 335.882419903156,
  "chest": 358.98746496221844,
  "thigh": 502.47885527651806,
  "torso": 480.02083288124066,
  "coreDepth": 300.7873002638243,
  "bicep": 672.0394333668225,
  "forearm": 399.80245121809844,
  "calf": 374.81862280308326,
  "thighDepth": 285.63088068344433,
  "gluteDepth": 419.84878230143767,
  "chest": 287.0017421549911,
  "neckNape": 268,
  "shoulderBlades": 339,
  "backSmall": 339,
  "tailbone": 333}