{  "name": "sad",
  "height": 309.2005821469293,
  "waist": 332.20024081869656,
  "shoulders": 264.41255643406953,
  "neck": 219.10727965998757,
  "chest": 185.39687160251654,
  "thigh": 224.98444390668436,
  "torso": 214.66252583997982,
,
  "coreDepth": 225.07776433935007,
  "bicep": 374.64916922368855,
  "forearm": 337.2847461715398,
  "calf": 258.21309029559285,
  "thighDepth": 286.7141433553636,
  "gluteDepth": 211.53250341259616,
  "chest": 212.8497122384712,
  "neckNape": 126.82665335015349,
  "shoulderBlades": 324,
  "backSmall": 451,
  "tailbone": 280}