{  "name": "sdaf",
  "height": 688.0,
  "waist": 214.02102700435768,
  "shoulders": 49.040799340956916,
  "neck": 76.02631123499285,
  "chest": 108.90362712049586,
  "thigh": 58.872744118140105,
  "torso": 209.34421415458323,
,
  "coreDepth": 132.3782459469833,
  "bicep": 253.00197627686626,
  "forearm": 279.17915394957413,
  "calf": 339.4112549695428,
  "thighDepth": 257.00778198334774,
  "gluteDepth": 273.0659261057666,
  "chest": 283.0070670495703,
  "neckNape": 419.3149174546501