{  "name": "sdf",
  "height": 507.28492979784056,
  "waist": 262.1221089492453,
  "shoulders": 258.00775182152955,
  "neck": 70.0,
  "chest": 192.02343606966312,
  "thigh": 15.652475842498529,
  "torso": 117.15374513859982,
  "coreDepth": 195.0102561405425,
  "bicep": 217.3131381210073,
  "forearm": 258.93628559937287,
  "calf": 248.65437860612872,
  "thighDepth": 282.68179990936807,
  "gluteDepth": 261.8110005328271,
  "chestDepth": 336.38222307369335,
  "neckNape": 194,
  "shoulderBlades": 194,
  "backSmall": 194,
  "tailbone": 194}