{  "name": "Winged sdf the Expendient",
  "height": 367.589444897429,
  "waist": 383.4709897762802,
  "shoulders": 390.0,
  "neck": 212.00235847744713,
  "chest": 342.3448553724738,
  "thigh": 312.40998703626616,
  "torso": 330.9682764254,
  "coreDepth": 333.1095915761058,
  "bicep": 392.3111010409978,
  "forearm": 272.05881717011124,
  "calf": 334.5504446268156,
  "thighDepth": 410.93673479016206,
  "gluteDepth": 338.6399267658792,
  "chestDepth": 327.0244639166923,
  "neckNape": 214,
  "shoulderBlades": 214,
  "backSmall": 214,
  "tailbone": 214}