{  "name": "sdf",
  "height": 319.6779629564728,
  "waist": 495.4593827954013,
  "shoulders": 403.75859123986453,
  "neck": 480.5049427425279,
  "chest": 424.1285182583223,
  "thigh": 270.22398117117586,
  "torso": 355.10561809129405,
,
  "coreDepth": 416.01923032475315,
  "bicep": 447.8001786511479,
  "forearm": 344.7259781333574,
  "calf": 348.8337713008877,
  "thighDepth": 296.95117443781896,
  "gluteDepth": 309.8548047069788,
  "chest": 237.0232056149777,
  "neckNape": 217,
  "shoulderBlades": 369,
  "backSmall": 361,
  "tailbone": 370}