{  "name": "sdfgsfgsdfg",
,
  "height": 470.1063709417263,
  "waist": 576.6012486979195,
  "shoulders": 379.95394457749745,
  "neck": 346.60207731633693,
  "chest": 260.725909721301,
  "thigh": 388.78914593902954,
  "torso": 127.1416532848303,
,
  "shoulderDepth": 0.0,
  "coreDepth": 1.0,
  "bicep": 0.0,
  "forearm": 0.0,
  "calf": 0.0,
  "thighDepth": 1.0,
  "gluteDepth": 0.0,
  "chest": 0.0}