{  "name": "Substantial",
  "height": 814.0884472832175,
  "waist": 718.0341217518844,
  "shoulders": 610.0032786797133,
  "neck": 594.1893637553604,
  "chest": 539.181787526248,
  "thigh": 554.823395325035,
  "torso": 510.06666230993767,
  "shoulderDepth": 717.5047038173338,
  "coreDepth": 636.019653784378,
  "bicep": 549.0446247801722,
  "forearm": 449.11134476875554,
  "calf": 516.1637337124723,
  "thighDepth": 600.0008333327546,
  "gluteDepth": 459.0174288630008,
  "chest": 492.03658400570174}