{  "name": "ArcanetEST2 the Unworthy",
  "height": 570.3165787525381,
  "neck": 570.3165787525381,
  "shoulders": 103.23274674249446,
  "chest": 200.3596765818911,
  "torso": 178.53291013143766,
  "waist": 221.16509670379727,
  "thigh": 250.5873101336139,
  "coreDepth": 266.33249895572266,
  "chestDepth": 250.78476827750126,
  "bicep": 247.14570601165622,
  "forearm": 230.8354392202376,
  "gluteDepth": 289.0674661735561,
  "thighDepth": 349.967141314724,
  "calf": 345.5792239125495,
  "neckNape": 146,
  "shoulderBlades": 146,
  "backSmall": 146,
  "tailbone": 146}