{
  "name": "Thomas",
  "height": 571.0429055683994,
  "waist": 108.00462953040486,
  "shoulders": 164.0,
  "neck": 45.0111097397076,
  "chest": 119.0,
  "thigh": 52.61178575186362,
  "bicep": 43.04648650006177,
  "forearm": 37.589892258425,
  "calf": 44.01136216933077,
  "abdomen": 164,

  "ShoulderDepth": 35,
  "CoreDepth": 44,
  "HipDepth": 44,
  "GluteDepth": 44,
  "ThighDepth": 33
}
